full_name,ID,player,Contracts
Boniface N'Dong,https://basketball.realgm.com/player/Boniface-N'Dong/summary/1013,http://www.wikidata.org/entity/Q65594,Unrestricted Free Agent
Tim Ohlbrecht,https://basketball.realgm.com/player/Tim-Ohlbrecht/summary/2414,http://www.wikidata.org/entity/Q70486,Unrestricted Free Agent
José Calderón,https://basketball.realgm.com/player/José-Calderón/summary/794,http://www.wikidata.org/entity/Q316106,Unrestricted Free Agent
Oscar Robertson,https://basketball.realgm.com/player/Oscar-Robertson/summary/65962,http://www.wikidata.org/entity/Q17717,Unrestricted Free Agent
Dwight Howard,https://basketball.realgm.com/player/Dwight-Howard/summary/376,http://www.wikidata.org/entity/Q25278,Unrestricted Free Agent (Los Angeles Lakers)
Kobe Bryant,https://basketball.realgm.com/player/Kobe-Bryant/summary/613,http://www.wikidata.org/entity/Q25369,Unrestricted Free Agent
Kevin Durant,https://basketball.realgm.com/player/Kevin-Durant/summary/34,http://www.wikidata.org/entity/Q29545,Under Contract (Phoenix Suns)
LeBron James,https://basketball.realgm.com/player/LeBron-James/summary/250,http://www.wikidata.org/entity/Q36159,Under Contract (Los Angeles Lakers)
Michael Jordan,https://basketball.realgm.com/player/Michael-Jordan/summary/1192,http://www.wikidata.org/entity/Q41421,Unrestricted Free Agent
Festus Ezeli,https://basketball.realgm.com/player/Festus-Ezeli/summary/5962,http://www.wikidata.org/entity/Q48842,Unrestricted Free Agent
Chris Paul,https://basketball.realgm.com/player/Chris-Paul/summary/61,http://www.wikidata.org/entity/Q46040,Under Contract (Phoenix Suns)
Yao Ming,https://basketball.realgm.com/player/Yao-Ming/summary/177,http://www.wikidata.org/entity/Q58590,Unrestricted Free Agent
Vlade Divac,https://basketball.realgm.com/player/Vlade-Divac/summary/1109,http://www.wikidata.org/entity/Q94846,Unrestricted Free Agent
Ronny Turiaf,https://basketball.realgm.com/player/Ronny-Turiaf/summary/130,http://www.wikidata.org/entity/Q116551,Unrestricted Free Agent
Danny Ferry,https://basketball.realgm.com/player/Danny-Ferry/summary/658,http://www.wikidata.org/entity/Q150327,Unrestricted Free Agent
Johnny Rogers,https://basketball.realgm.com/player/Johnny-Rogers/summary/50948,http://www.wikidata.org/entity/Q163754,Unrestricted Free Agent
Metta Sandiford-Artest,https://basketball.realgm.com/player/Metta-Sandiford-Artest/summary/540,http://www.wikidata.org/entity/Q295322,Current Team: South Bay Lakers
Chauncey Billups,https://basketball.realgm.com/player/Chauncey-Billups/summary/197,http://www.wikidata.org/entity/Q298531,Unrestricted Free Agent
Šarūnas Jasikevičius,https://basketball.realgm.com/player/Šarūnas-Jasikevičius/summary/56,http://www.wikidata.org/entity/Q316252,Current Team: Barca
Ben Wallace,https://basketball.realgm.com/player/Ben-Wallace/summary/253,http://www.wikidata.org/entity/Q295364,Unrestricted Free Agent
Lamar Odom,https://basketball.realgm.com/player/Lamar-Odom/summary/542,http://www.wikidata.org/entity/Q296403,Unrestricted Free Agent
Tyson Chandler,https://basketball.realgm.com/player/Tyson-Chandler/summary/516,http://www.wikidata.org/entity/Q297146,Unrestricted Free Agent
Kevin Love,https://basketball.realgm.com/player/Kevin-Love/summary/760,http://www.wikidata.org/entity/Q297221,Under Contract (Miami Heat)
Boris Diaw,https://basketball.realgm.com/player/Boris-Diaw/summary/459,http://www.wikidata.org/entity/Q317527,Unrestricted Free Agent
Doc Rivers,https://basketball.realgm.com/player/Doc-Rivers/summary/1531,http://www.wikidata.org/entity/Q352093,Unrestricted Free Agent
Zaza Pachulia,https://basketball.realgm.com/player/Zaza-Pachulia/summary/311,http://www.wikidata.org/entity/Q319614,Unrestricted Free Agent
Sergio Rodríguez,https://basketball.realgm.com/player/Sergio-Rodríguez/summary/85,http://www.wikidata.org/entity/Q125060,Unrestricted Free Agent
James Harden,https://basketball.realgm.com/player/James-Harden/summary/1598,http://www.wikidata.org/entity/Q136678,Under Contract (Philadelphia Sixers)
Andre Iguodala,https://basketball.realgm.com/player/Andre-Iguodala/summary/379,http://www.wikidata.org/entity/Q136816,Under Contract (Golden State Warriors)
Shaquille O'Neal,https://basketball.realgm.com/player/Shaquille-O'Neal/summary/755,http://www.wikidata.org/entity/Q169452,Unrestricted Free Agent
Sidney Moncrief,https://basketball.realgm.com/player/Sidney-Moncrief/summary/4630,http://www.wikidata.org/entity/Q177928,Unrestricted Free Agent
Ömer Aşık,https://basketball.realgm.com/player/Ömer-Aşık/summary/807,http://www.wikidata.org/entity/Q297474,Unrestricted Free Agent
Arvydas Sabonis,https://basketball.realgm.com/player/Arvydas-Sabonis/summary/717,http://www.wikidata.org/entity/Q297750,Unrestricted Free Agent
Deron Williams,https://basketball.realgm.com/player/Deron-Williams/summary/60,http://www.wikidata.org/entity/Q298496,Unrestricted Free Agent
Isiah Thomas,https://basketball.realgm.com/player/Isiah-Thomas/summary/4612,http://www.wikidata.org/entity/Q298512,Unrestricted Free Agent
Hidayet Türkoğlu,https://basketball.realgm.com/player/Hidayet-Türkoğlu/summary/526,http://www.wikidata.org/entity/Q298981,Unrestricted Free Agent
Andrea Bargnani,https://basketball.realgm.com/player/Andrea-Bargnani/summary/65,http://www.wikidata.org/entity/Q316253,Unrestricted Free Agent
Ersan İlyasova,https://basketball.realgm.com/player/Ersan-İlyasova/summary/128,http://www.wikidata.org/entity/Q316336,Unrestricted Free Agent
Jorge Garbajosa,https://basketball.realgm.com/player/Jorge-Garbajosa/summary/793,http://www.wikidata.org/entity/Q316577,Unrestricted Free Agent
Nicolas Batum,https://basketball.realgm.com/player/Nicolas-Batum/summary/782,http://www.wikidata.org/entity/Q352114,Current Team: Caen Basket Calvados
Joe Dumars,https://basketball.realgm.com/player/Joe-Dumars/summary/1252,http://www.wikidata.org/entity/Q348598,Unrestricted Free Agent
Anthony Davis,https://basketball.realgm.com/player/Anthony-Davis/summary/13305,http://www.wikidata.org/entity/Q317008,Under Contract (Los Angeles Lakers)
Magic Johnson,https://basketball.realgm.com/player/Magic-Johnson/summary/4618,http://www.wikidata.org/entity/Q134183,Unrestricted Free Agent
Mehmet Okur,https://basketball.realgm.com/player/Mehmet-Okur/summary/836,http://www.wikidata.org/entity/Q317045,Unrestricted Free Agent
Danny Granger,https://basketball.realgm.com/player/Danny-Granger/summary/242,http://www.wikidata.org/entity/Q318929,Unrestricted Free Agent
Isaiah Thomas,https://basketball.realgm.com/player/Isaiah-Thomas/summary/4711,http://www.wikidata.org/entity/Q336030,Unrestricted Free Agent (Charlotte Hornets)
Tiago Splitter,https://basketball.realgm.com/player/Tiago-Splitter/summary/373,http://www.wikidata.org/entity/Q352168,Unrestricted Free Agent
Samuel Dalembert,https://basketball.realgm.com/player/Samuel-Dalembert/summary/507,http://www.wikidata.org/entity/Q371821,Unrestricted Free Agent
Maciej Lampe,https://basketball.realgm.com/player/Maciej-Lampe/summary/466,http://www.wikidata.org/entity/Q541911,Unrestricted Free Agent
Pervis Ellison,https://basketball.realgm.com/player/Pervis-Ellison/summary/1310,http://www.wikidata.org/entity/Q180860,Unrestricted Free Agent
Walter Herrmann,https://basketball.realgm.com/player/Walter-Herrmann/summary/205,http://www.wikidata.org/entity/Q552489,Unrestricted Free Agent
Nando de Colo,https://basketball.realgm.com/player/Nando-de-Colo/summary/1651,http://www.wikidata.org/entity/Q554866,Unrestricted Free Agent
Shaun Livingston,https://basketball.realgm.com/player/Shaun-Livingston/summary/377,http://www.wikidata.org/entity/Q555264,Unrestricted Free Agent
Dwyane Wade,https://basketball.realgm.com/player/Dwyane-Wade/summary/450,http://www.wikidata.org/entity/Q31683,Unrestricted Free Agent (Miami Heat)
Jeffery Taylor,https://basketball.realgm.com/player/Jeffery-Taylor/summary/4807,http://www.wikidata.org/entity/Q48845,Unrestricted Free Agent
Kevin Garnett,https://basketball.realgm.com/player/Kevin-Garnett/summary/644,http://www.wikidata.org/entity/Q189240,Unrestricted Free Agent
Charles Barkley,https://basketball.realgm.com/player/Charles-Barkley/summary/1259,http://www.wikidata.org/entity/Q192707,Unrestricted Free Agent
Steve Nash,https://basketball.realgm.com/player/Steve-Nash/summary/615,http://www.wikidata.org/entity/Q192955,Unrestricted Free Agent
Baron Davis,https://basketball.realgm.com/player/Baron-Davis/summary/541,http://www.wikidata.org/entity/Q313486,Unrestricted Free Agent
Jermaine O'Neal,https://basketball.realgm.com/player/Jermaine-O'Neal/summary/238,http://www.wikidata.org/entity/Q313499,Unrestricted Free Agent
Luis Scola,https://basketball.realgm.com/player/Luis-Scola/summary/181,http://www.wikidata.org/entity/Q314071,Unrestricted Free Agent
Nikola Mirotić,https://basketball.realgm.com/player/Nikola-Mirotić/summary/9276,http://www.wikidata.org/entity/Q611560,Unrestricted Free Agent
Bo McCalebb,https://basketball.realgm.com/player/Bo-McCalebb/summary/1907,http://www.wikidata.org/entity/Q554889,Unrestricted Free Agent
Tito Horford,https://basketball.realgm.com/player/Tito-Horford/summary/2269,http://www.wikidata.org/entity/Q549048,Unrestricted Free Agent
Allen Iverson,https://basketball.realgm.com/player/Allen-Iverson/summary/603,http://www.wikidata.org/entity/Q190094,Unrestricted Free Agent
Tim Duncan,https://basketball.realgm.com/player/Tim-Duncan/summary/272,http://www.wikidata.org/entity/Q193020,Unrestricted Free Agent
Pau Gasol,https://basketball.realgm.com/player/Pau-Gasol/summary/515,http://www.wikidata.org/entity/Q193052,Unrestricted Free Agent
Scottie Pippen,https://basketball.realgm.com/player/Scottie-Pippen/summary/725,http://www.wikidata.org/entity/Q193637,Unrestricted Free Agent
Alonzo Mourning,https://basketball.realgm.com/player/Alonzo-Mourning/summary/742,http://www.wikidata.org/entity/Q310968,Unrestricted Free Agent
Kirk Hinrich,https://basketball.realgm.com/player/Kirk-Hinrich/summary/212,http://www.wikidata.org/entity/Q314413,Unrestricted Free Agent
Rik Smits,https://basketball.realgm.com/player/Rik-Smits/summary/892,http://www.wikidata.org/entity/Q374536,Unrestricted Free Agent
Mitch Richmond,https://basketball.realgm.com/player/Mitch-Richmond/summary/981,http://www.wikidata.org/entity/Q375767,Unrestricted Free Agent
Dick Van Arsdale,https://basketball.realgm.com/player/Dick-Van-Arsdale/summary/66046,http://www.wikidata.org/entity/Q1027929,Unrestricted Free Agent
Russell Westbrook,https://basketball.realgm.com/player/Russell-Westbrook/summary/759,http://www.wikidata.org/entity/Q196185,Under Contract (Los Angeles Clippers)
Karl Malone,https://basketball.realgm.com/player/Karl-Malone/summary/750,http://www.wikidata.org/entity/Q199896,Unrestricted Free Agent
Juan Carlos Navarro,https://basketball.realgm.com/player/Juan-Carlos-Navarro/summary/196,http://www.wikidata.org/entity/Q310541,Unrestricted Free Agent
Jerry West,https://basketball.realgm.com/player/Jerry-West/summary/65953,http://www.wikidata.org/entity/Q311195,Unrestricted Free Agent
Andrew Bogut,https://basketball.realgm.com/player/Andrew-Bogut/summary/58,http://www.wikidata.org/entity/Q311546,Unrestricted Free Agent (Golden State Warriors)
Joakim Noah,https://basketball.realgm.com/player/Joakim-Noah/summary/50,http://www.wikidata.org/entity/Q311735,Unrestricted Free Agent
Marcin Gortat,https://basketball.realgm.com/player/Marcin-Gortat/summary/145,http://www.wikidata.org/entity/Q358723,Unrestricted Free Agent
Rasho Nesterović,https://basketball.realgm.com/player/Rasho-Nesterović/summary/573,http://www.wikidata.org/entity/Q359370,Unrestricted Free Agent
Mirza Teletović,https://basketball.realgm.com/player/Mirza-Teletović/summary/28228,http://www.wikidata.org/entity/Q470698,Unrestricted Free Agent
Rudy Fernández,https://basketball.realgm.com/player/Rudy-Fernández/summary/371,http://www.wikidata.org/entity/Q312651,Unrestricted Free Agent
Earl Boykins,https://basketball.realgm.com/player/Earl-Boykins/summary/321,http://www.wikidata.org/entity/Q313473,Current Team: UTEP
Pablo Prigioni,https://basketball.realgm.com/player/Pablo-Prigioni/summary/2890,http://www.wikidata.org/entity/Q359401,Unrestricted Free Agent
Raül López,https://basketball.realgm.com/player/Raül-López/summary/506,http://www.wikidata.org/entity/Q360894,Unrestricted Free Agent
Richard Jefferson,https://basketball.realgm.com/player/Richard-Jefferson/summary/278,http://www.wikidata.org/entity/Q377693,Unrestricted Free Agent (Denver Nuggets)
David Andersen,https://basketball.realgm.com/player/David-Andersen/summary/485,http://www.wikidata.org/entity/Q363409,Unrestricted Free Agent
Fabricio Oberto,https://basketball.realgm.com/player/Fabricio-Oberto/summary/263,http://www.wikidata.org/entity/Q364321,Unrestricted Free Agent
Darius Songaila,https://basketball.realgm.com/player/Darius-Songaila/summary/222,http://www.wikidata.org/entity/Q380006,Unrestricted Free Agent
Igor Rakočević,https://basketball.realgm.com/player/Igor-Rakočević/summary/1160,http://www.wikidata.org/entity/Q380015,Unrestricted Free Agent
Tracy McGrady,https://basketball.realgm.com/player/Tracy-McGrady/summary/183,http://www.wikidata.org/entity/Q202295,Unrestricted Free Agent
Kevin Johnson,https://basketball.realgm.com/player/Kevin-Johnson/summary/1183,http://www.wikidata.org/entity/Q203286,Unrestricted Free Agent
Timofey Mozgov,https://basketball.realgm.com/player/Timofey-Mozgov/summary/11008,http://www.wikidata.org/entity/Q352668,Unrestricted Free Agent
Vassilis Spanoulis,https://basketball.realgm.com/player/Vassilis-Spanoulis/summary/405,http://www.wikidata.org/entity/Q364367,Unrestricted Free Agent
Jerry Lucas,https://basketball.realgm.com/player/Jerry-Lucas/summary/66071,http://www.wikidata.org/entity/Q366505,Unrestricted Free Agent
Luis Flores,https://basketball.realgm.com/player/Luis-Flores/summary/417,http://www.wikidata.org/entity/Q977666,Unrestricted Free Agent
Víctor Claver,https://basketball.realgm.com/player/Víctor-Claver/summary/1628,http://www.wikidata.org/entity/Q431301,Unrestricted Free Agent
Kevin Joyce,https://basketball.realgm.com/player/Kevin-Joyce/summary/66601,http://www.wikidata.org/entity/Q2331737,Unrestricted Free Agent
Tornike Shengelia,https://basketball.realgm.com/player/Tornike-Shengelia/summary/24387,http://www.wikidata.org/entity/Q983599,Unrestricted Free Agent
Doug Smith,https://basketball.realgm.com/player/Doug-Smith/summary/4700,http://www.wikidata.org/entity/Q1606849,Unrestricted Free Agent
Aleksandar Đorđević,https://basketball.realgm.com/player/Aleksandar-Đorđević/summary/3102,http://www.wikidata.org/entity/Q380033,Unrestricted Free Agent
Roko Ukić,https://basketball.realgm.com/player/Roko-Ukić/summary/149,http://www.wikidata.org/entity/Q203331,Unrestricted Free Agent
Willis Reed,https://basketball.realgm.com/player/Willis-Reed/summary/65954,http://www.wikidata.org/entity/Q380515,Unrestricted Free Agent
Derrick Rose,https://basketball.realgm.com/player/Derrick-Rose/summary/756,http://www.wikidata.org/entity/Q205326,Under Contract (New York Knicks)
Boštjan Nachbar,https://basketball.realgm.com/player/Boštjan-Nachbar/summary/277,http://www.wikidata.org/entity/Q443730,Unrestricted Free Agent
Andrés Nocioni,https://basketball.realgm.com/player/Andrés-Nocioni/summary/211,http://www.wikidata.org/entity/Q444027,Unrestricted Free Agent
Primož Brezec,https://basketball.realgm.com/player/Primož-Brezec/summary/522,http://www.wikidata.org/entity/Q443716,Unrestricted Free Agent
Alvan Adams,https://basketball.realgm.com/player/Alvan-Adams/summary/50938,http://www.wikidata.org/entity/Q448245,Unrestricted Free Agent
Alvin Robertson,https://basketball.realgm.com/player/Alvin-Robertson/summary/4606,http://www.wikidata.org/entity/Q449245,Unrestricted Free Agent
Hanno Möttölä,https://basketball.realgm.com/player/Hanno-Möttölä/summary/1146,http://www.wikidata.org/entity/Q557835,Unrestricted Free Agent
Carlos Arroyo,https://basketball.realgm.com/player/Carlos-Arroyo/summary/676,http://www.wikidata.org/entity/Q562471,Unrestricted Free Agent
Zoran Planinić,https://basketball.realgm.com/player/Zoran-Planinić/summary/460,http://www.wikidata.org/entity/Q220565,Unrestricted Free Agent
Dražen Petrović,https://basketball.realgm.com/player/Dražen-Petrović/summary/2519,http://www.wikidata.org/entity/Q209982,Unrestricted Free Agent
David Robinson,https://basketball.realgm.com/player/David-Robinson/summary/1234,http://www.wikidata.org/entity/Q211876,Unrestricted Free Agent
Ricky Rubio,https://basketball.realgm.com/player/Ricky-Rubio/summary/1599,http://www.wikidata.org/entity/Q212421,Under Contract (Cleveland Cavaliers)
Manu Ginóbili,https://basketball.realgm.com/player/Manu-Ginóbili/summary/266,http://www.wikidata.org/entity/Q213132,Unrestricted Free Agent
Andrew Toney,https://basketball.realgm.com/player/Andrew-Toney/summary/4665,http://www.wikidata.org/entity/Q508026,Unrestricted Free Agent
Ralph Sampson,https://basketball.realgm.com/player/Ralph-Sampson/summary/4624,http://www.wikidata.org/entity/Q594137,Unrestricted Free Agent
Lucious Jackson,https://basketball.realgm.com/player/Lucious-Jackson/summary/66179,http://www.wikidata.org/entity/Q1115784,Unrestricted Free Agent
Joey Dorsey,https://basketball.realgm.com/player/Joey-Dorsey/summary/806,http://www.wikidata.org/entity/Q1116123,Unrestricted Free Agent
Chris Jent,https://basketball.realgm.com/player/Chris-Jent/summary/33359,http://www.wikidata.org/entity/Q2331907,Unrestricted Free Agent
John Stockton,https://basketball.realgm.com/player/John-Stockton/summary/1237,http://www.wikidata.org/entity/Q213346,Unrestricted Free Agent
Vince Carter,https://basketball.realgm.com/player/Vince-Carter/summary/275,http://www.wikidata.org/entity/Q241261,Unrestricted Free Agent
Bill Russell,https://basketball.realgm.com/player/Bill-Russell/summary/65961,http://www.wikidata.org/entity/Q242185,Unrestricted Free Agent
Toni Kukoč,https://basketball.realgm.com/player/Toni-Kukoč/summary/1025,http://www.wikidata.org/entity/Q245222,Unrestricted Free Agent
Álex Abrines,https://basketball.realgm.com/player/Álex-Abrines/summary/26575,http://www.wikidata.org/entity/Q250534,Unrestricted Free Agent
Vladimir Radmanović,https://basketball.realgm.com/player/Vladimir-Radmanović/summary/512,http://www.wikidata.org/entity/Q357295,Unrestricted Free Agent
Nenê,https://basketball.realgm.com/player/Nenê/summary/448,http://www.wikidata.org/entity/Q357438,Unrestricted Free Agent
Elton Brand,https://basketball.realgm.com/player/Elton-Brand/summary/544,http://www.wikidata.org/entity/Q310281,Unrestricted Free Agent
Aron Baynes,https://basketball.realgm.com/player/Aron-Baynes/summary/1790,http://www.wikidata.org/entity/Q698125,Unrestricted Free Agent
Reggie Miller,https://basketball.realgm.com/player/Reggie-Miller/summary/740,http://www.wikidata.org/entity/Q270966,Unrestricted Free Agent
Amar'e Stoudemire,https://basketball.realgm.com/player/Amar'e-Stoudemire/summary/437,http://www.wikidata.org/entity/Q270981,Unrestricted Free Agent
Hakeem Olajuwon,https://basketball.realgm.com/player/Hakeem-Olajuwon/summary/1177,http://www.wikidata.org/entity/Q273256,Unrestricted Free Agent
Luol Deng,https://basketball.realgm.com/player/Luol-Deng/summary/323,http://www.wikidata.org/entity/Q275183,Unrestricted Free Agent
Marc Gasol,https://basketball.realgm.com/player/Marc-Gasol/summary/22,http://www.wikidata.org/entity/Q275889,Current Team: CB Girona
Goran Dragić,https://basketball.realgm.com/player/Goran-Dragić/summary/812,http://www.wikidata.org/entity/Q369532,Under Contract (Milwaukee Bucks)
Wes Unseld,https://basketball.realgm.com/player/Wes-Unseld/summary/65879,http://www.wikidata.org/entity/Q456776,Unrestricted Free Agent
Stojko Vranković,https://basketball.realgm.com/player/Stojko-Vranković/summary/1457,http://www.wikidata.org/entity/Q529897,Unrestricted Free Agent
Peja Stojaković,https://basketball.realgm.com/player/Peja-Stojaković/summary/614,http://www.wikidata.org/entity/Q277780,Unrestricted Free Agent
Caron Butler,https://basketball.realgm.com/player/Caron-Butler/summary/218,http://www.wikidata.org/entity/Q370268,Unrestricted Free Agent
J. J. Barea,https://basketball.realgm.com/player/J.-J.-Barea/summary/298,http://www.wikidata.org/entity/Q371193,Unrestricted Free Agent
Brook Lopez,https://basketball.realgm.com/player/Brook-Lopez/summary/770,http://www.wikidata.org/entity/Q460131,Under Contract (Milwaukee Bucks)
DeMarcus Cousins,https://basketball.realgm.com/player/DeMarcus-Cousins/summary/2192,http://www.wikidata.org/entity/Q464312,Unrestricted Free Agent (Denver Nuggets)
Andre Drummond,https://basketball.realgm.com/player/Andre-Drummond/summary/24241,http://www.wikidata.org/entity/Q493115,Under Contract (Chicago Bulls)
Jimmy Butler,https://basketball.realgm.com/player/Jimmy-Butler/summary/6160,http://www.wikidata.org/entity/Q498348,Under Contract (Miami Heat)
Mario Kasun,https://basketball.realgm.com/player/Mario-Kasun/summary/493,http://www.wikidata.org/entity/Q280437,Unrestricted Free Agent
Boban Marjanović,https://basketball.realgm.com/player/Boban-Marjanović/summary/2413,http://www.wikidata.org/entity/Q1277708,Under Contract (Houston Rockets)
Wang Zhizhi,https://basketball.realgm.com/player/Wang-Zhizhi/summary/973,http://www.wikidata.org/entity/Q647405,Unrestricted Free Agent
Juan Ignacio Sánchez,https://basketball.realgm.com/player/Juan-Ignacio-Sánchez/summary/686,http://www.wikidata.org/entity/Q556418,Unrestricted Free Agent
Martynas Andriuškevičius,https://basketball.realgm.com/player/Martynas-Andriuškevičius/summary/141,http://www.wikidata.org/entity/Q557508,Unrestricted Free Agent
Jawad Williams,https://basketball.realgm.com/player/Jawad-Williams/summary/916,http://www.wikidata.org/entity/Q577516,Unrestricted Free Agent
George Wilson,https://basketball.realgm.com/player/George-Wilson/summary/66852,http://www.wikidata.org/entity/Q651203,Unrestricted Free Agent
Raja Bell,https://basketball.realgm.com/player/Raja-Bell/summary/690,http://www.wikidata.org/entity/Q461763,Unrestricted Free Agent
Steve Smith,https://basketball.realgm.com/player/Steve-Smith/summary/972,http://www.wikidata.org/entity/Q463200,Unrestricted Free Agent
Nick Calathes,https://basketball.realgm.com/player/Nick-Calathes/summary/1633,http://www.wikidata.org/entity/Q932863,Unrestricted Free Agent
Nemanja Nedović,https://basketball.realgm.com/player/Nemanja-Nedović/summary/24375,http://www.wikidata.org/entity/Q2757717,Unrestricted Free Agent
Freeman Williams,https://basketball.realgm.com/player/Freeman-Williams/summary/56618,http://www.wikidata.org/entity/Q1621861,Unrestricted Free Agent
Juan Dixon,https://basketball.realgm.com/player/Juan-Dixon/summary/201,http://www.wikidata.org/entity/Q2334056,Unrestricted Free Agent
Bojan Bogdanović,https://basketball.realgm.com/player/Bojan-Bogdanović/summary/9740,http://www.wikidata.org/entity/Q717344,Under Contract (Detroit Pistons)
Darrell Griffith,https://basketball.realgm.com/player/Darrell-Griffith/summary/4679,http://www.wikidata.org/entity/Q1166588,Unrestricted Free Agent
Kenny Smith,https://basketball.realgm.com/player/Kenny-Smith/summary/4607,http://www.wikidata.org/entity/Q1168929,Unrestricted Free Agent
Chris Anstey,https://basketball.realgm.com/player/Chris-Anstey/summary/594,http://www.wikidata.org/entity/Q1076942,Unrestricted Free Agent
Stan McKenzie,https://basketball.realgm.com/player/Stan-McKenzie/summary/66550,http://www.wikidata.org/entity/Q1626992,Unrestricted Free Agent
Walt Bellamy,https://basketball.realgm.com/player/Walt-Bellamy/summary/66188,http://www.wikidata.org/entity/Q735251,Unrestricted Free Agent
Renaldo Major,https://basketball.realgm.com/player/Renaldo-Major/summary/1055,http://www.wikidata.org/entity/Q3424767,Unrestricted Free Agent
Mickaël Gelabale,https://basketball.realgm.com/player/Mickaël-Gelabale/summary/137,http://www.wikidata.org/entity/Q1375950,Unrestricted Free Agent
Daniel Santiago,https://basketball.realgm.com/player/Daniel-Santiago/summary/718,http://www.wikidata.org/entity/Q745776,Unrestricted Free Agent
Rudy Gobert,https://basketball.realgm.com/player/Rudy-Gobert/summary/25858,http://www.wikidata.org/entity/Q3446792,Under Contract (Minnesota Timberwolves)
Antonio Lang,https://basketball.realgm.com/player/Antonio-Lang/summary/1306,http://www.wikidata.org/entity/Q1627788,Unrestricted Free Agent
Pops Mensah-Bonsu,https://basketball.realgm.com/player/Pops-Mensah-Bonsu/summary/1034,http://www.wikidata.org/entity/Q923075,Unrestricted Free Agent
Rony Seikaly,https://basketball.realgm.com/player/Rony-Seikaly/summary/1318,http://www.wikidata.org/entity/Q787999,Unrestricted Free Agent
Andy Rautins,https://basketball.realgm.com/player/Andy-Rautins/summary/6520,http://www.wikidata.org/entity/Q1364214,Unrestricted Free Agent
Randy Holcomb,https://basketball.realgm.com/player/Randy-Holcomb/summary/498,http://www.wikidata.org/entity/Q2354968,Unrestricted Free Agent
David Thompson,https://basketball.realgm.com/player/David-Thompson/summary/64276,http://www.wikidata.org/entity/Q718669,Unrestricted Free Agent
K. C. Jones,https://basketball.realgm.com/player/K.-C.-Jones/summary/67290,http://www.wikidata.org/entity/Q719836,Unrestricted Free Agent
Lionel Simmons,https://basketball.realgm.com/player/Lionel-Simmons/summary/1470,http://www.wikidata.org/entity/Q1458331,Unrestricted Free Agent
Don Dee,https://basketball.realgm.com/player/Don-Dee/summary/68592,http://www.wikidata.org/entity/Q1463719,Unrestricted Free Agent
Marcus Banks,https://basketball.realgm.com/player/Marcus-Banks/summary/454,http://www.wikidata.org/entity/Q1530759,Unrestricted Free Agent
Maurice Martin,https://basketball.realgm.com/player/Maurice-Martin/summary/49409,http://www.wikidata.org/entity/Q944029,Unrestricted Free Agent
Donta Smith,https://basketball.realgm.com/player/Donta-Smith/summary/411,http://www.wikidata.org/entity/Q1619087,Unrestricted Free Agent
Kelly Olynyk,https://basketball.realgm.com/player/Kelly-Olynyk/summary/8330,http://www.wikidata.org/entity/Q3194911,Under Contract (Utah Jazz)
Gal Mekel,https://basketball.realgm.com/player/Gal-Mekel/summary/7577,http://www.wikidata.org/entity/Q2396103,Unrestricted Free Agent
Erick Barkley,https://basketball.realgm.com/player/Erick-Barkley/summary/521,http://www.wikidata.org/entity/Q2351747,Unrestricted Free Agent
James Anderson,https://basketball.realgm.com/player/James-Anderson/summary/2158,http://www.wikidata.org/entity/Q2419972,Unrestricted Free Agent
Kevin Seraphin,https://basketball.realgm.com/player/Kevin-Seraphin/summary/2429,http://www.wikidata.org/entity/Q2429412,Unrestricted Free Agent
Matthew Dellavedova,https://basketball.realgm.com/player/Matthew-Dellavedova/summary/8530,http://www.wikidata.org/entity/Q2434352,Under Contract (Sacramento Kings)
Adrian Smith,https://basketball.realgm.com/player/Adrian-Smith/summary/66175,http://www.wikidata.org/entity/Q2419803,Unrestricted Free Agent
Ike Diogu,https://basketball.realgm.com/player/Ike-Diogu/summary/94,http://www.wikidata.org/entity/Q2419943,Unrestricted Free Agent
Guillermo Diaz,https://basketball.realgm.com/player/Guillermo-Diaz/summary/117,http://www.wikidata.org/entity/Q2558920,Unrestricted Free Agent
Derek Smith,https://basketball.realgm.com/player/Derek-Smith/summary/4693,http://www.wikidata.org/entity/Q3705847,Unrestricted Free Agent
Jiří Welsch,https://basketball.realgm.com/player/Jiří-Welsch/summary/443,http://www.wikidata.org/entity/Q953837,Unrestricted Free Agent
Tomáš Satoranský,https://basketball.realgm.com/player/Tomáš-Satoranský/summary/24374,http://www.wikidata.org/entity/Q966111,Unrestricted Free Agent (Washington Wizards)
José Ortiz,https://basketball.realgm.com/player/José-Ortiz/summary/2986,http://www.wikidata.org/entity/Q966899,Unrestricted Free Agent
Pape Sow,https://basketball.realgm.com/player/Pape-Sow/summary/402,http://www.wikidata.org/entity/Q2469672,Unrestricted Free Agent
Bryce Drew,https://basketball.realgm.com/player/Bryce-Drew/summary/572,http://www.wikidata.org/entity/Q958710,Current Team: Grand Canyon
Žarko Čabarkapa,https://basketball.realgm.com/player/Žarko-Čabarkapa/summary/457,http://www.wikidata.org/entity/Q2458102,Unrestricted Free Agent
Michael Ruffin,https://basketball.realgm.com/player/Michael-Ruffin/summary/232,http://www.wikidata.org/entity/Q975034,Unrestricted Free Agent
Nathan Jawai,https://basketball.realgm.com/player/Nathan-Jawai/summary/810,http://www.wikidata.org/entity/Q1825983,Unrestricted Free Agent
Lonny Baxter,https://basketball.realgm.com/player/Lonny-Baxter/summary/495,http://www.wikidata.org/entity/Q1869647,Unrestricted Free Agent
Charles Smith,https://basketball.realgm.com/player/Charles-Smith/summary/1476,http://www.wikidata.org/entity/Q2256877,Unrestricted Free Agent
Luke Jackson,https://basketball.realgm.com/player/Luke-Jackson/summary/380,http://www.wikidata.org/entity/Q2569684,Unrestricted Free Agent
Adonis Jordan,https://basketball.realgm.com/player/Adonis-Jordan/summary/1479,http://www.wikidata.org/entity/Q3605514,Unrestricted Free Agent
Kosta Perović,https://basketball.realgm.com/player/Kosta-Perović/summary/103,http://www.wikidata.org/entity/Q2288198,Unrestricted Free Agent
Gordan Giriček,https://basketball.realgm.com/player/Gordan-Giriček/summary/991,http://www.wikidata.org/entity/Q2291591,Unrestricted Free Agent
Žan Tabak,https://basketball.realgm.com/player/Žan-Tabak/summary/954,http://www.wikidata.org/entity/Q2011732,Current Team: Trefl Sopot
Rubén Wolkowyski,https://basketball.realgm.com/player/Rubén-Wolkowyski/summary/652,http://www.wikidata.org/entity/Q2287483,Unrestricted Free Agent
Don Kojis,https://basketball.realgm.com/player/Don-Kojis/summary/66327,http://www.wikidata.org/entity/Q2330697,Unrestricted Free Agent
Tyler Honeycutt,https://basketball.realgm.com/player/Tyler-Honeycutt/summary/2376,http://www.wikidata.org/entity/Q2699577,Unrestricted Free Agent
Ognjen Kuzmić,https://basketball.realgm.com/player/Ognjen-Kuzmić/summary/30145,http://www.wikidata.org/entity/Q2700323,Unrestricted Free Agent
Jérôme Moïso,https://basketball.realgm.com/player/Jérôme-Moïso/summary/533,http://www.wikidata.org/entity/Q2630914,Unrestricted Free Agent
Jerome Jordan,https://basketball.realgm.com/player/Jerome-Jordan/summary/2311,http://www.wikidata.org/entity/Q2632351,Unrestricted Free Agent
Samardo Samuels,https://basketball.realgm.com/player/Samardo-Samuels/summary/2173,http://www.wikidata.org/entity/Q2632357,Unrestricted Free Agent
Nicolás Laprovittola,https://basketball.realgm.com/player/Nicolás-Laprovittola/summary/25038,http://www.wikidata.org/entity/Q3876517,Unrestricted Free Agent
Mario Hezonja,https://basketball.realgm.com/player/Mario-Hezonja/summary/24763,http://www.wikidata.org/entity/Q2024753,Unrestricted Free Agent
Bill Wennington,https://basketball.realgm.com/player/Bill-Wennington/summary/1366,http://www.wikidata.org/entity/Q2607807,Unrestricted Free Agent
Paul Westphal,https://basketball.realgm.com/player/Paul-Westphal/summary/64282,http://www.wikidata.org/entity/Q2063085,Unrestricted Free Agent
Kostas Papanikolaou,https://basketball.realgm.com/player/Kostas-Papanikolaou/summary/25005,http://www.wikidata.org/entity/Q2608531,Unrestricted Free Agent
Jacob Pullen,https://basketball.realgm.com/player/Jacob-Pullen/summary/4073,http://www.wikidata.org/entity/Q3805795,Unrestricted Free Agent
Evers Burns,https://basketball.realgm.com/player/Evers-Burns/summary/1573,http://www.wikidata.org/entity/Q3735456,Unrestricted Free Agent
Thanasis Antetokounmpo,https://basketball.realgm.com/player/Thanasis-Antetokounmpo/summary/50244,http://www.wikidata.org/entity/Q8991893,Under Contract (Milwaukee Bucks)
Jerome Beasley,https://basketball.realgm.com/player/Jerome-Beasley/summary/469,http://www.wikidata.org/entity/Q3807993,Unrestricted Free Agent
Ryan Broekhoff,https://basketball.realgm.com/player/Ryan-Broekhoff/summary/15764,http://www.wikidata.org/entity/Q7383906,Unrestricted Free Agent
Sim Bhullar,https://basketball.realgm.com/player/Sim-Bhullar/summary/24708,http://www.wikidata.org/entity/Q7517251,Unrestricted Free Agent
Eugene Jeter,https://basketball.realgm.com/player/Eugene-Jeter/summary/1056,http://www.wikidata.org/entity/Q2720428,Unrestricted Free Agent
Robert Archibald,https://basketball.realgm.com/player/Robert-Archibald/summary/504,http://www.wikidata.org/entity/Q2724864,Unrestricted Free Agent
Dennis Schröder,https://basketball.realgm.com/player/Dennis-Schröder/summary/26503,http://www.wikidata.org/entity/Q10862660,Under Contract (Los Angeles Lakers)
Joe Harris,https://basketball.realgm.com/player/Joe-Harris/summary/23549,http://www.wikidata.org/entity/Q16227291,Under Contract (Brooklyn Nets)
Kevin Pangos,https://basketball.realgm.com/player/Kevin-Pangos/summary/24345,http://www.wikidata.org/entity/Q6397192,Unrestricted Free Agent
Kyle Wiltjer,https://basketball.realgm.com/player/Kyle-Wiltjer/summary/24155,http://www.wikidata.org/entity/Q6451516,Unrestricted Free Agent
Leandro Bolmaro,https://basketball.realgm.com/player/Leandro-Bolmaro/summary/120098,http://www.wikidata.org/entity/Q56025896,Unrestricted Free Agent
Rui Hachimura,https://basketball.realgm.com/player/Rui-Hachimura/summary/72649,http://www.wikidata.org/entity/Q22959347,Under Contract (Los Angeles Lakers)
Marquese Chriss,https://basketball.realgm.com/player/Marquese-Chriss/summary/72600,http://www.wikidata.org/entity/Q23771652,Unrestricted Free Agent
Thon Maker,https://basketball.realgm.com/player/Thon-Maker/summary/42192,http://www.wikidata.org/entity/Q16240120,Unrestricted Free Agent
Patrick McCaw,https://basketball.realgm.com/player/Patrick-McCaw/summary/80940,http://www.wikidata.org/entity/Q24761491,Unrestricted Free Agent
Tyler Ulis,https://basketball.realgm.com/player/Tyler-Ulis/summary/52567,http://www.wikidata.org/entity/Q17038792,Unrestricted Free Agent
Jake Layman,https://basketball.realgm.com/player/Jake-Layman/summary/41248,http://www.wikidata.org/entity/Q20711278,Unrestricted Free Agent
Malcolm Brogdon,https://basketball.realgm.com/player/Malcolm-Brogdon/summary/24209,http://www.wikidata.org/entity/Q17465755,Under Contract (Boston Celtics)
Dakota Mathias,https://basketball.realgm.com/player/Dakota-Mathias/summary/79908,http://www.wikidata.org/entity/Q54861626,Unrestricted Free Agent
Adam Mokoka,https://basketball.realgm.com/player/Adam-Mokoka/summary/75680,http://www.wikidata.org/entity/Q28076255,Unrestricted Free Agent
Anthony Bennett,https://basketball.realgm.com/player/Anthony-Bennett/summary/24660,http://www.wikidata.org/entity/Q4772101,Unrestricted Free Agent
Andrew Wiggins,https://basketball.realgm.com/player/Andrew-Wiggins/summary/24682,http://www.wikidata.org/entity/Q4758911,Under Contract (Golden State Warriors)
Donovan Mitchell,https://basketball.realgm.com/player/Donovan-Mitchell/summary/76937,http://www.wikidata.org/entity/Q30122104,Under Contract (Cleveland Cavaliers)
